item_id,parent_id,type,subreddit,title,content,upvotes,url,created_utc
post_1b4yyxo,,post,SaaS_Ventures,Welcome to SaaS Ventures,"Whether you're here to share your success stories, seek advice on overcoming challenges, discuss the latest industry trends, or connect with like-minded individuals, r/SaaS_Ventures is the place for you.

Here, you'll find:

1. **Networking Opportunities:** Connect with fellow SaaS entrepreneurs, investors, developers, marketers, and professionals from around the globe. Share your experiences, exchange ideas, and build meaningful relationships within the SaaS community.

2. **Knowledge Sharing:** Dive into discussions about SaaS business models, customer acquisition strategies, product development, growth hacking, fundraising, and more. Share your insights, ask questions, and learn from others who have navigated similar paths in the SaaS landscape.

3. **Support and Guidance:** Whether you're facing challenges with product-market fit, customer retention, pricing strategies, or scaling your SaaS startup, this community is here to offer support, guidance, and constructive feedback. Leverage the collective wisdom of our members to overcome obstacles and achieve your business goals.

4. **Showcasing Success:** Celebrate your wins, no matter how big or small! Share your achievements, milestones, and success stories with the community. Whether you've just secured your first paying customer or reached a significant revenue milestone, your successes inspire and motivate others on their entrepreneurial journey.

5. **Resource Sharing:** Discover valuable resources, tools, courses, and industry insights to help you stay informed and ahead of the curve in the competitive SaaS market. From recommended books and podcasts to helpful software tools and growth hacks, this community is a treasure trove of valuable resources for SaaS enthusiasts.

6. **Community Guidelines:** To ensure a positive and constructive environment, please familiarize yourself with our community guidelines. Respectful and courteous behavior is expected from all members. Spam, self-promotion, and disrespectful conduct will not be tolerated.

Whether you're a seasoned SaaS veteran or a newcomer with a big idea, r/SaaS_Ventures is your go-to destination for all things related to SaaS entrepreneurship. Join us today and be part of a vibrant community dedicated to driving innovation, growth, and success in the SaaS industry!",3,https://www.reddit.com/r/SaaS_Ventures/comments/1b4yyxo/welcome_to_saas_ventures/,2024-03-02T21:15:34+00:00
post_1bnq0fo,,post,SaaS_Ventures,Meet SaaS Turbo: making founders life's easier and earn more $,"Introducing SaaS Turbo by [spectralapps](https://spectralapps.com/) ‚Äì the game-changer for entrepreneurs and founders looking to elevate their business to new heights. We're dedicated to making your life easier and your wallet heavier. How? By offering a cutting-edge SaaS development service coupled with potent growth hacking strategies.

&#x200B;

Gone are the days of tech headaches and sleepless nights spent grappling with complex coding issues. With SaaS Turbo, founders can relinquish their worries about the technical side of their business and instead, focus on what they do best ‚Äì innovating, strategizing, and expanding their ventures.

&#x200B;

Benefits:

* Early Customer Acquisition
* Impress Investors
* ROI in a short timeframe
* Iterative Development

&#x200B;

&#x200B;

Highlights:

**Cost Effective**

Save money and time with our robust service, we have fixed pricing ranges from nano/micro to multi-tenant SaaS

**Speed to Market**

Get your Product to the market in the shortest time possible

**Real Product**

We don't just build MVPs, we build real products that will scale

**Packed with Turbo Batteries**

From onboarding to feedback loops, we got you covered with powerful features

**Iterative Development**

Collect user feedback and adapt

**Cutting edge tech**

Next.js and Node & Python, Dockerized services, Custom solutions

**Scalability and high availability**

Easy to deploy and maintain code/infra (Select your favorite cloud provider)

**UI and UX best practices**

Deliver a seamless and intuitive user experience with industry-standard design principles

&#x200B;

Features Included out-of-the box:

* Landing Page
* Core Functionality
* User Dashboard
* Admin Dashboard
* User authentication and authorization
* Payments integration (Subscription)
* Integration with third-party services
* Customizable branding and theming
* User Onboarding/ Walkthroughs
* Data encryption and security
* Analytics and reporting
* Multi-language support

200+ Integrations:

ready out-of-the-box integrations from slack to google drive, webhooks, data transformation and export, email sending

&#x200B;

Contact us now and let SaaS Turbo take your journey to the next level. Plus, **Reddit users** receive an exclusive discount! Reach out today to discover how we can transform your vision into reality.

&#x200B;",4,https://www.reddit.com/r/SaaS_Ventures/comments/1bnq0fo/meet_saas_turbo_making_founders_lifes_easier_and/,2024-03-25T21:43:47+00:00
post_1bvpwy8,,post,SaaS_Ventures,I've sold my 4th SaaS as a solopreneur. The backstory.,"I have great news, I sold my 4th SaaS product!

Userdesk, it‚Äôs an AI Chatbot platform for businesses I launched in June 2023 with a pre-launch and a subscription-based model a few weeks later.

This is my 4th exit since 2021.

2021 ‚Äî I sold Iterspace pre-revenues (quite unusual, but it happened)
2023 ‚Äî I sold Hivoe and Inboxs, two Twitter-related SaaS
2024 ‚Äî I sold Userdesk

Each time, the context and the reasons to sell were completely different, as well as the process. Let‚Äôs see the context and the lessons learned with each one (so you can learn from them too).

## iterspace
I started working on Iterspace in 2019 with one of my former colleagues (designer). I built it on the side of my full-time job at that time, as a team lead / senior software engineer. We worked on it for a couple of years, more or less. During the COVID, I was working from home and the time I saved from commuting, was dedicated to it.

At the beginning of 2021, we launched on Product Hunt, we got 70 upvotes (not that much but we didn‚Äôt have any distribution channel at that time), but Giulio Michelon noticed it, he wanted to meet us (two Italians launching a cool SaaS? it‚Äôs quite unusual), and he connected us with the final buyer.

I have to say that we didn‚Äôt set clear goals since the beginning. I wanted to make a living out of my businesses, but for my co-founder that was not realistic.

So when the possibility of selling arrived, he was completely convinced of the decision.

That was my first exit ever, and the amount of money was astonishing for a product with no revenues, so I accepted the deal.

The product hand-off was quite painful, as I created all the cloud resources on AWS with my personal account, and it was not possible to migrate them to another account (weird). So they had to re-create the whole infrastructure with their AWS account, and it took some time.

From the next SaaS on, I learned to create accounts with dedicated email, so the hand-off takes as long as sending the credentials to the buyer. And that‚Äôs it.

## Hivoe & Inboxs
Very quickly, I had to sell these two Twitter-related products, due to the crazy new Twitter API pricing (from 0 to $42k/month). Thankfully, I was able to sell them to HypeFury, because the alternative was to shut down both of them‚Äînot a great deal.

The journey has been amazing, because since 2021 I started being active on Twitter daily, and that‚Äôs how I discovered some pain points related to DM management. The products were growing quite well (up to $4k MRR). It was shocking to sell them, especially for an unexpected reason.

Lesson learned: platform risk is real. Next time, I want to diversify more or avoid platform risk much more.

## Userdesk
There‚Äôs much more to say about the exit of Userdesk.

I started working on Userdesk after the crazy hype I‚Äôve seen about AI Chatbots around February / March 2023. AI was even more hyped than now, and as a SaaS owner, the value provided was simply incredible.

The platform allows you to ‚Äútrain‚Äù an AI Chatbot using your website (and other sources) and embed a live AI chatbot on your website. Simple, yet so powerful for customer support.

I pre-launched it with a $69 lifetime deal, and I sold 20 licenses in 24 hours. That was a validation for me (but I was wrong). A month later, the product was live and public, but a very small percentage of the pre-sale users signed up and used it.

I was perplexed.

This is my explanation. At that time, I already had a good reputation on Twitter / X. This sometimes brings to impulsive purchase from people who follows and appreciates you. This is great, don‚Äôt get me wrong, but it leads to misleading validation results.

Also, the product was poorly positioned, it was not targeting a specific niche and I didn‚Äôt know exactly who I was targeting: SaaS products, IT agencies looking for AI Chatbot platforms to resell, coaching services, and many others very different from each other.

This is a problem. I didn‚Äôt know how to write the copy of my landing pages, which content to write for my blog, and so on.

At the same time, a large number of competitors were already present and arrived in the short future.

Plus, in the end, I didn‚Äôt feel a great founder product fit. I have built a community on Twitter/X of 20k followers, and almost nobody was in overlap with the target audience of Userdesk. This meant an extra effort for me to find new clients.

In December 2023 I launched my Next.js SaaS Boilerplate Shipped.club, and I loved working on it, and helping other developers and aspiring SaaS owners to achieve their goals. This fits much better with my expertise and values‚Äîit‚Äôs simply a better fit for me.

Lesson learned: founder product fit matters much more than I expected.

## What did go well?
I loved working with AI tech, and I think it has huge potential, now and in the future. It‚Äôs not a bubble. And who knows, maybe in the future I will work on an AI product again.

I found my customers mainly from AI directories. A lot of AI enthusiasts use them to discover new products, and it also brought a good domain rate, with very few blog posts written.

![Userdesk SEO](https://d2bzf0z2yzi3mc.cloudfront.net/articles_images/4th_saas_sold_1.jpeg)


One of the main differentiation factors of Userdesk over the competition had been the UI and UX. Many people told me it was the best they tried between similar products, and it made me proud of the skills I‚Äôve built over time. I am a software engineer, not a designer, but I‚Äôve built many SaaS products now and the effort on the UI and UX paid off.

MRR-wise, the journey had been quite slow, but still brought good results, $1.1k MRR it‚Äôs difficult to achieve in less than 12 months.

![Userdesk MRR](https://d2bzf0z2yzi3mc.cloudfront.net/articles_images/4th_saas_sold_2.jpeg)


If you‚Äôre wondering what‚Äôs the big spike in September, it‚Äôs an enterprise customer ($500/month) who subscribed. The fact the subscription plans start at $19/month up, it‚Äôs another explanation for the ‚Äúrapid‚Äù increase in MRR.

I know I could have grown it much more with more marketing effort: positioning, content, social‚Äîbut I still think I did the right thing with selling it, and I‚Äôll focus more on Shipped.club and other SaaS products soon.

What‚Äôs the legal process for selling?
I used the platform Acquired for the first time to list my product. I got around 20 people potentially interested, and a couple of offers.

The process is: when you find a good offer, you sign a Letter of Intent between you and the buyer. It blocks you from accepting offers from other potential buyers.
In this period they do the due diligence on your product, you need to describe the technical aspects of your product and the business. And you can still negotiate on the final price.

If this phase goes well and everyone is happy, you sign an Asset Purchase Agreement (APA) which is a contract that finalizes the exchange of assets of your product between you and the buyer, and it sets the payment method, amount, and date.

When you sign the APA, you‚Äôre done with the deal. The remaining part is the hand-off of the assets.

I hope this article was helpful and inspiring, even if a bit long.

If you have any questions, drop me a message.",3,https://www.reddit.com/r/SaaS_Ventures/comments/1bvpwy8/ive_sold_my_4th_saas_as_a_solopreneur_the/,2024-04-04T15:22:03+00:00
post_1bkbawl,,post,SaaS_Ventures,I think it will help you to build your business model.,,2,https://www.reddit.com/r/SaaS_Ventures/comments/1bkbawl/i_think_it_will_help_you_to_build_your_business/,2024-03-21T16:55:03+00:00
post_1bifszv,,post,SaaS_Ventures,How Can You Ensure User Engagement with Your SaaS MVP?," 

**1. Problem: The Dreaded Onboarding Dropout**

Ever had users sign up for your SaaS MVP only to disappear faster than a ninja in the night? It's like trying to catch lightning in a bottle ‚Äì elusive and frustrating! Solution? Let's streamline your onboarding process and make it as smooth as butter. Keep it simple, guide users through the initial setup, and show them the value of your MVP right from the get-go. Remember, first impressions matter!

**2. Problem: Radio Silence on the User Front**

Are your users as quiet as a library at midnight? It's like shouting into the void ‚Äì disheartening and lonely! Solution? Let's foster a sense of community and communication with your users. Whether it's through in-app messaging, personalized emails, or engaging social media content, keep the conversation flowing and show your users that you're listening. After all, engagement is a two-way street!

**3. Problem: Feature Fatigue and Overwhelm**

Ever overloaded your SaaS MVP with features, leaving users scratching their heads in confusion? It's like trying to drink from a firehose ‚Äì overwhelming and exhausting! Solution? Let's focus on quality over quantity. Identify the core features that provide maximum value to your users and prioritize them in your MVP. Keep it simple, intuitive, and user-friendly ‚Äì less is often more!

**4. Problem: Abandonment Issues and Churn Rates**

Are your users saying goodbye to your SaaS MVP faster than a New Year's resolution at a buffet? It's like watching sand slip through your fingers ‚Äì disheartening and frustrating! Solution? Let's show your users some love and appreciation. Whether it's through exclusive discounts, personalized recommendations, or VIP access to new features, make them feel like valued members of your community. After all, a little love goes a long way in reducing churn rates!

**5. Problem: Ignoring the Power of Feedback Loops**

Ever felt like you're flying blind, without a roadmap or compass to guide you? It's like navigating a maze in the dark ‚Äì confusing and disorienting! Solution? Let's embrace the power of feedback loops and user insights. Whether it's through surveys, user interviews, or analytics data, gather feedback from your users and use it to iterate and improve your SaaS MVP. Remember, your users are your best source of inspiration and innovation!",1,https://www.reddit.com/r/SaaS_Ventures/comments/1bifszv/how_can_you_ensure_user_engagement_with_your_saas/,2024-03-19T09:01:46+00:00
post_1jfonkm,,post,Temporal,Join the Code Exchange!,"The **Temporal Code Exchange** is built by the community, for the community. It‚Äôs your go-to hub for workflow samples, example applications, and creative solutions; all designed by you and your peers!

Whether you're exploring new use cases or sharing your own expertise, this is the place to collaborate, learn, and build together.

Start today:

* Browse example applications
* Contribute your own solutions
* Collaborate with fellow developers

Check it all out [**here**](https://temporal.io/code-exchange)!",8,https://www.reddit.com/r/Temporal/comments/1jfonkm/join_the_code_exchange/,2025-03-20T13:15:50+00:00
comment_miyual2,post_1jfonkm,comment,Temporal,,This project was an absolute JOY to put together. I love showcasing all of these amazing examples from our innovative and passionate community! :D,3,https://www.reddit.com/r/Temporal/comments/1jfonkm/join_the_code_exchange/miyual2/,2025-03-21T13:05:53+00:00
post_1kcds8h,,post,Temporal,Activities to Actions Ratio,"Hi, I have e-commerce/bookings workflow which I am planning to run on Temporal Cloud. 

It is a straight forward order flow having 10 steps/activities associated with it (including warehouse). Since Cloud is priced in ""Actions"", I'm not as clear on what a typical ratio is from Steps/Activities to Actions. I know the real answer is ""it depends"" -- but I was looking for a rule of thumb for thinking about how my Activities will turn int to Actions, so I can get a better sense for my potential cost/month. 

TLDR: Is it 1 Activity is at usually 5 steps, 10 steps, 15 steps, etc.? Personal anecdotes here are appreciated",1,https://www.reddit.com/r/Temporal/comments/1kcds8h/activities_to_actions_ratio/,2025-05-01T17:00:43+00:00
comment_mqfj7b1,post_1kcds8h,comment,Temporal,,A workflow that executes 10 activities without any retries is exactly 11 actions.,2,https://www.reddit.com/r/Temporal/comments/1kcds8h/activities_to_actions_ratio/mqfj7b1/,2025-05-03T20:45:53+00:00
comment_mq56ez6,post_1kcds8h,comment,Temporal,,10 steps is roughly 10 actions + starting wf cost.,1,https://www.reddit.com/r/Temporal/comments/1kcds8h/activities_to_actions_ratio/mq56ez6/,2025-05-02T04:22:07+00:00
post_1kb3j4q,,post,Temporal,Triggering Temporal workflows inside the DB transaction (a.k.a. the Outbox Pattern) ‚Äì hands-on guide & real-world lessons,"You want to guarantee that the state of your database is consistent with work done by Temporal. There are many instances where this can be achieved by treating the Temporal workflow as the source of truth:

* Kick-off the workflow
* Update the database via actions
* Rely on Temporal's execution guarantees / retries

In practice, this means you can call `StartWorkflow` (or `SignalWithStart`) right after your `INSERT/UPDATE/DELETE` succeeds. In practice that leaves a scary gap: what if the app crashes between `COMMIT` and the SDK call or a script that bypasses your API forgets to call Temporal at all?

Many teams solve this with the **outbox pattern**‚Äîrecord the ‚Äúevent‚Äù in the same transaction that changes the business row, then use that event to trigger the Temporal workflow. Sounds simple; turns out it‚Äôs fiddly to build:

* You need reliable change-data-capture (CDC) on your database.
* You need catch idempotent workflow starts so duplicates collapse.
* You have to operate and monitor the relay to Temporal.

We first heard about this use case from developers using our tool ([Sequin](https://sequinstream.com)) to handle the CDC / outbox pattern and provide transactional temporal triggers. Their requests pushed us to document a cleaner path.

# When is the extra effort worth it?

When do you really need a transactional consistency. The most common we've seen is when multiple systems can potentially mutate a row in a database that needs to trigger another set of work. 

Think of deleting an account triggering workflow that removes access, purges other systems, or even truncates tables. No matter how the account is deleted, you always want that workflow to run.

Another example we saw from a customer was inventory tracking. The database is the ultimate source of truth for the inventory of a product. As soon as that hit's zero, they want other systems to no longer return the item in search results - and trigger re-ordering workflows.

# Wiring it together

To achieve a transactional guarantee, you'll:

1. **Outbox/CDC** ‚Äì Capture the change to an outbox using either logical replication or a trigger (depending on your database).
2. **Stream relay** ‚Äì A lightweight consumer reads the outbox and relays the work to temporal. Importantly, it only removes the item from the outbox once Temporal has picked it up.
3. **Idempotent start** ‚Äì Relay calls `SignalWithStart` (or `StartWorkflow` with a deterministic ID) so retries collapse and Temporal workflows fire *exactly once*.

Because the DB itself emits the event, *any* writer‚Äîyour app, a migration script, an admin console‚Äîautomatically drives the workflow, closing the ‚Äúcommitted-but-not-started‚Äù gap. 

# Try the full example

We put together a tutorial (Docker compose, Postgres ‚ûú Sequin ‚ûú Temporal) that walks through the pattern end-to-end using our open source project:

üëâ **Guide:** [https://sequinstream.com/docs/guides/temporal](https://sequinstream.com/docs/guides/temporal)

Would love feedback from anyone who‚Äôs rolled their own outbox‚Äîwhat tripped you up? Any gotchas we missed?",9,https://www.reddit.com/r/Temporal/comments/1kb3j4q/triggering_temporal_workflows_inside_the_db/,2025-04-30T00:32:47+00:00
comment_mptc87u,post_1kb3j4q,comment,Temporal,,"This is an interesting intersection of ideas, transactional outbox pattern and Temporal workflows, thanks for sharing!

>  this means you can call StartWorkflow (or SignalWithStart) right after your INSERT/UPDATE/DE LETE succeeds. 

Since the Workflow is already a centralized and consistent source of truth, why not have the workflow write the job status into the DB as the first thing it does? I assume the Workflow will need to update the job status anyway once it finishes.",4,https://www.reddit.com/r/Temporal/comments/1kb3j4q/triggering_temporal_workflows_inside_the_db/mptc87u/,2025-04-30T10:06:19+00:00
comment_mpwzdpn,post_1kb3j4q,comment,Temporal,,"I would argue that CDC isn't strictly _needed_ for outbox processing. You can easily have something that just polls the table and/or uses `LISTEN` to wake up on new inserts. While CDC is more elegant, it adds complexity.

I would also argue that if you do use CDC, a third-party solution like Sequin can also be overkill. The Postgres logical replication protocol, for example, is very simple to decode. Writing a basic replication slot worker to start Temporal workflows is potentially much more trivial than using a third-party solution like Sequin and wiring up a whole webhook handler just to bridge that gap. You can just consume the replication stream and start the Temporal worker yourself, no webhooks required. If you use `pg_logical_emit_message()` to emit events, then you don't need to decode any table rows at all, you just look for the message. You could in fact encode the whole Temporal request as a JSON payload to `pg_logical_emit_message()` (not that I would recommend it).",1,https://www.reddit.com/r/Temporal/comments/1kb3j4q/triggering_temporal_workflows_inside_the_db/mpwzdpn/,2025-04-30T21:52:04+00:00
comment_mpv12vu,post_1kb3j4q,comment,Temporal,,"If you can route all the updates to the database through a Temporal workflow, then your proposal is preferred. If other parts of the system update the DB directly, then the CDC approach provides a solution.",2,https://www.reddit.com/r/Temporal/comments/1kb3j4q/triggering_temporal_workflows_inside_the_db/mpv12vu/,2025-04-30T16:09:02+00:00
post_1kaqqcf,,post,Temporal,Export workflows and import to another instance,"Hi, I was looking into how we could get some of our running workflows exported from an older version of termporal to a newer instance.

There is an export button in the web ui that allows an export to be stored as json. That works well enough and there's an import on the new instance, but when I load that exported json file I get the data displayed to me, but other than that the new instance does not store the data from file to database.

  
Has anyone else tried this or used another method to migrate workflows?",2,https://www.reddit.com/r/Temporal/comments/1kaqqcf/export_workflows_and_import_to_another_instance/,2025-04-29T15:28:18+00:00
comment_mq0x29h,post_1kaqqcf,comment,Temporal,,I‚Äôd also be curious. You‚Äôre talking about the running instances of workflows including current state?,1,https://www.reddit.com/r/Temporal/comments/1kaqqcf/export_workflows_and_import_to_another_instance/mq0x29h/,2025-05-01T14:35:53+00:00
comment_mq10jzq,post_1kaqqcf,comment,Temporal,,"Yes, correct. We have a couple of long running workflows and were wondering if we could export those as is and re-hydrate them on another cluster.",1,https://www.reddit.com/r/Temporal/comments/1kaqqcf/export_workflows_and_import_to_another_instance/mq10jzq/,2025-05-01T14:53:10+00:00
post_1k6q6vt,,post,Temporal,UpdateWithStart not actioning the second Message,"I'm attempting to migrate an OMS to Temporal and we have 2 messages that we need before being able to action an Order.... The order and the payment.

Either message can arrive first, so we're looking to kick off the workflow when the first message arrives, and then update the state and continue once the second arrives.

My issue is that the second message doesn't invoke the Update function.... Can someone assist?

Starter code below:

    ¬† ¬† logger := workflow.GetLogger(ctx)
    ¬† ¬† logger.Info(""process order workflow started "" + args.OrderNumber)
    
    ¬† ¬† // initialize state
    ¬† ¬† var state *queriesv1.ProcessOrderStateResponse
    ¬† ¬† state = initState(ctx, args, state)
    ¬† ¬† logger.Info(""UpdateName(&workflowsv1.CompleteOrderRequest{}) -- "" + UpdateName(&workflowsv1.CompleteOrderRequest{}))
    
    ¬† ¬† if err := workflow.SetUpdateHandlerWithOptions(ctx, UpdateName(&workflowsv1.CompleteOrderRequest{}),
    ¬† ¬† ¬† ¬† func(ctx workflow.Context, cmd *workflowsv1.CompleteOrderRequest) (*queriesv1.ProcessOrderStateResponse, error) {
    ¬† ¬† ¬† ¬† ¬† ¬† logger.Info(""received update"", cmd)
    ¬† ¬† ¬† ¬† ¬† ¬† // capture and merge in new arguments first
    ¬† ¬† ¬† ¬† ¬† ¬† state = mergeState(ctx, cmd, state)
    ¬† ¬† ¬† ¬† ¬† ¬† return state, nil
    ¬† ¬† ¬† ¬† },
    ¬† ¬† ¬† ¬† workflow.UpdateHandlerOptions{
    ¬† ¬† ¬† ¬† ¬† ¬† Validator: func(ctx workflow.Context, cmd *workflowsv1.CompleteOrderRequest) error {
    ¬† ¬† ¬† ¬† ¬† ¬† ¬† ¬† if err := assertCompleteOrderRequest(ctx, cmd, state); err != nil {
    ¬† ¬† ¬† ¬† ¬† ¬† ¬† ¬† ¬† ¬† logger.Error(""failed to validate complete order request"", ""error"", err)
    ¬† ¬† ¬† ¬† ¬† ¬† ¬† ¬† ¬† ¬† return err
    ¬† ¬† ¬† ¬† ¬† ¬† ¬† ¬† }
    ¬† ¬† ¬† ¬† ¬† ¬† ¬† ¬† return nil
    ¬† ¬† ¬† ¬† ¬† ¬† },
    ¬† ¬† ¬† ¬† },
    ¬† ¬† ); err != nil {
    ¬† ¬† ¬† ¬† return fmt.Errorf(""failed to configure update query %w"", err)
    ¬† ¬† }
    
    My workflow code
    
    ¬† ¬† //kick off workflow
    ¬† ¬† workflowOptions := client.StartWorkflowOptions{
    ¬† ¬† ¬† ¬† ID: ¬† ¬† ¬† ¬† ¬† ¬† ¬† ¬† ¬† ¬† ¬† ""process-order-"" + args.OrderNumber,
    ¬† ¬† ¬† ¬† TaskQueue: ¬† ¬† ¬† ¬† ¬† ¬† ¬† ¬†ProcessOrdersTaskQueue,
    ¬† ¬† ¬† ¬† WorkflowIDConflictPolicy: enums.WORKFLOW_ID_CONFLICT_POLICY_USE_EXISTING,
    ¬† ¬† }
    ¬† ¬† log.Info(""UpdateName(&workflowsv1.CompleteOrderRequest{}) -- "" + helper.UpdateName(&workflowsv1.CompleteOrderRequest{}))
    
    ¬† ¬† updateOptions := client.UpdateWorkflowOptions{
    ¬† ¬† ¬† ¬† UpdateName: ¬† helper.UpdateName(args),
    ¬† ¬† ¬† ¬† WaitForStage: client.WorkflowUpdateStageCompleted,
    ¬† ¬† }
    
    ¬† ¬† startWorkflowOp := tc.NewWithStartWorkflowOperation(workflowOptions, v1.ProcessOrder, args)
    ¬† ¬† _, err := tc.UpdateWithStartWorkflow(
    ¬† ¬† ¬† ¬† context.Background(),
    ¬† ¬† ¬† ¬† client.UpdateWithStartWorkflowOptions{
    ¬† ¬† ¬† ¬† ¬† ¬† StartWorkflowOperation: startWorkflowOp,
    ¬† ¬† ¬† ¬† ¬† ¬† UpdateOptions: ¬† ¬† ¬† ¬† ¬†updateOptions,
    ¬† ¬† ¬† ¬† })
    
    ",2,https://www.reddit.com/r/Temporal/comments/1k6q6vt/updatewithstart_not_actioning_the_second_message/,2025-04-24T11:48:08+00:00
comment_mos5eqc,post_1k6q6vt,comment,Temporal,,"OK... after a bucket load of AI and Google assistance,,, we figured out that the args need to be sent via the UpdateWorkflowOptions

    ¬† ¬† updateOptions := client.UpdateWorkflowOptions{
    ¬† ¬† ¬† ¬† UpdateName: ¬† helper.UpdateName(args),
    ¬† ¬† ¬† ¬† UpdateID: ¬† ¬† uuid.New().String(),
    ¬† ¬† ¬† ¬† WaitForStage: client.WorkflowUpdateStageAccepted,
    ¬† ¬† ¬† ¬† Args: ¬† ¬† ¬† ¬† []interface{}{args},
    ¬† ¬† }",1,https://www.reddit.com/r/Temporal/comments/1k6q6vt/updatewithstart_not_actioning_the_second_message/mos5eqc/,2025-04-24T12:59:58+00:00
comment_mov58ir,post_1k6q6vt,comment,Temporal,,Just seeing the message now. Glad you got it fixed. I'll have a look at the docs and see if there's an opportunity to make this more clear.,2,https://www.reddit.com/r/Temporal/comments/1k6q6vt/updatewithstart_not_actioning_the_second_message/mov58ir/,2025-04-24T21:49:33+00:00
post_1kfwcjz,,post,micro_saas,Agencies: Is moving from Lemlist to Success ai worth it for outreach capabilities?,Agency transition question: Is transitioning from Lemlist to Success ai worth the effort for improved outreach capabilities? Looking for real transition experiences.,1,https://www.reddit.com/r/micro_saas/comments/1kfwcjz/agencies_is_moving_from_lemlist_to_success_ai/,2025-05-06T04:51:06+00:00
post_1kf3zk4,,post,micro_saas,SaaS Devs,,1,https://www.reddit.com/r/micro_saas/comments/1kf3zk4/saas_devs/,2025-05-05T05:25:25+00:00
post_1kewvj9,,post,micro_saas,Why switch from Lyne to Success ai for automated outreach capabilities?,For those who switched from Lyne to Success ai - what drove your decision? Was the transition worth it for your outreach capabilities?,1,https://www.reddit.com/r/micro_saas/comments/1kewvj9/why_switch_from_lyne_to_success_ai_for_automated/,2025-05-04T22:57:29+00:00
post_1kdymrj,,post,micro_saas,"Launched an SEO agency directory ‚Äì 100+ agencies listed, users from 10+ countries, all built solo (no ads)","hey folks, i‚Äôve been in digital marketing for over 10 years now. started out as a software dev, worked with a bunch of companies before diving full-time into digital marketing.

for the longest time, i‚Äôve wanted to build my own platform ‚Äî something useful. thanks to tools like Lovable, Bolt, and Cursor, I finally stopped dependent on others and shipped it.

launched : [worldwideseo.co](https://worldwideseo.co)  
\> it‚Äôs a clean, global directory of SEO agencies  
\> üåç already got agencies from the US, Sweden, Australia, etc.  
\> free listings (for now) ‚Äî trying to help smaller, legit players get discovered  
\> fast, bloat-free UI.

why i built it: finding a good SEO partner *still* sucks. search results are full of ads. i‚Äôve been there ‚Äî both as a marketer and a founder.

the bigger goal: i want this to be more than a directory.  
  
i‚Äôll be adding curated resources for freelancers, indie makers, and vibe coders. whether you‚Äôre an agency owner or a solo dev launching side projects, this could be a channel worth tapping into.

if you want to list your agency, do it ‚Äî no strings attached.  
if you‚Äôve got ideas on how to make this better, i‚Äôm listening.

appreciate any feedback or roasts.

cheers üôå",17,https://www.reddit.com/r/micro_saas/comments/1kdymrj/launched_an_seo_agency_directory_100_agencies/,2025-05-03T17:43:21+00:00
comment_mqet075,post_1kdymrj,comment,micro_saas,,Not an SEO agency but I have been searching for a while.This is also a problem statement,3,https://www.reddit.com/r/micro_saas/comments/1kdymrj/launched_an_seo_agency_directory_100_agencies/mqet075/,2025-05-03T18:22:51+00:00
comment_mqff0lv,post_1kdymrj,comment,micro_saas,,Second one I've seen today üòÑ,3,https://www.reddit.com/r/micro_saas/comments/1kdymrj/launched_an_seo_agency_directory_100_agencies/mqff0lv/,2025-05-03T20:23:21+00:00
comment_mqfuqts,post_1kdymrj,comment,micro_saas,,"Lol.

No.",2,https://www.reddit.com/r/micro_saas/comments/1kdymrj/launched_an_seo_agency_directory_100_agencies/mqfuqts/,2025-05-03T21:50:52+00:00
post_1kducm3,,post,micro_saas,Free marketing playbook for SaaS founders,"I built this because I was tired of seeing good products go nowhere.

Me and my partner are marketers, made ‚Ç¨60m+ additional revenue for clients the past 4 years. We see lots of saas founder finally launch‚Ä¶ and then stare at their dashboard like ‚Äúok, now what?‚Äù Growth feels like guessing, asking what to do gets 100 different marketing tactics. Leading to Analysis-Paralysis.

We turned it into a all-in-one tool called [launchguide.io](http://launchguide.io) 

It gives you a complete, step-by-step marketing playbook, tailored to your SaaS. It also generates all the content for you (or provides templates): blogs, emails, Reddit posts, cold DMs, whatever. No bs. Just real tasks that move the needle.

We're giving away full access for free while we beta test it. You can use the entire thing: strategy, tools, content, all of it. Only thing I ask is that you tell me what‚Äôs broken or confusing so I can fix it.

If you‚Äôre in that early stage and want a playbook that actually *executes*, not just gives advice, comment ""launchguide"" or DM and I‚Äôll send it over.",7,https://www.reddit.com/r/micro_saas/comments/1kducm3/free_marketing_playbook_for_saas_founders/,2025-05-03T14:33:04+00:00
comment_mqe4fj3,post_1kducm3,comment,micro_saas,,launchguide,1,https://www.reddit.com/r/micro_saas/comments/1kducm3/free_marketing_playbook_for_saas_founders/mqe4fj3/,2025-05-03T16:17:58+00:00
comment_mqe7w6x,post_1kducm3,comment,micro_saas,,"hey you know what recently i have launched my b2c saas plateform , as technical neard i coded the app but i don't have anyidea about marketing but the best part is your plateform give me atlleast the idea about how to get start with it so that is something that i appriciate about your product awesome totally problme solver product that you have build",1,https://www.reddit.com/r/micro_saas/comments/1kducm3/free_marketing_playbook_for_saas_founders/mqe7w6x/,2025-05-03T16:36:14+00:00
comment_mqf6l62,post_1kducm3,comment,micro_saas,,"Launchguide 

My product is a clutter free digital space for teams to organise links, data, videos in one place and make it easily accessible when needed.

Link -> https://betterstacks.com/",1,https://www.reddit.com/r/micro_saas/comments/1kducm3/free_marketing_playbook_for_saas_founders/mqf6l62/,2025-05-03T19:36:38+00:00
post_1h0ynco,,post,indiehackersindia,Welcome to r/indiehackersindia üáÆüá≥üéâ,"Hello and welcome to r/**indiehackersindia**, a community built for indie hackers, solopreneurs, and makers in the Indian ecosystem! Whether you're building your first side project, scaling a bootstrapped startup, or just exploring the world of indie hacking, you‚Äôve found the right place.

https://preview.redd.it/8t64jq5z8e3e1.png?width=1920&format=png&auto=webp&s=214be5ac5370962d89c9f55ac98fd9375aa10bcf

# üåü What Can You Expect Here?

1. **Learn Together**: Share experiences, tips, and strategies for navigating the unique challenges of indie hacking in India.
2. **Connect with Fellow Makers**: Network with like-minded individuals who share your passion for building and creating.
3. **Celebrate Wins & Learn from Failures**: Whether it‚Äôs a big product launch or a lesson from a setback, we‚Äôre here to support you.
4. **Discover Resources**: Get recommendations for tools, platforms, and tactics tailored for the Indian market.
5. **Ask for Feedback**: Post your product ideas, MVPs, or marketing strategies to get constructive input.

# üëã Get Started!

1. **Introduce Yourself**: Tell us who you are, what you're building, and what you hope to achieve.
   * Example: *‚ÄúHi, I‚Äôm Raj from Pune, working on a productivity app for students. My goal is to reach 1,000 users by the end of the year!‚Äù*
2. **Engage**: Comment on others‚Äô posts, ask questions, and share your insights.
3. **Be Supportive**: Celebrate wins, provide constructive feedback, and encourage your fellow indie hackers.

# üöÄ Let‚Äôs Build Together!

We‚Äôre excited to see the amazing projects, discussions, and connections that come out of this community. Remember, indie hacking is as much about the process as it is about the destination. Let‚Äôs learn, grow, and succeed together! üå±

Feel free to drop your introduction below to kick things off. Let‚Äôs make this the go-to community for indie hackers in India. üí™

Happy hacking!  
**-** r/indiehackersindia **Mods**",4,https://www.reddit.com/r/indiehackersindia/comments/1h0ynco/welcome_to_rindiehackersindia/,2024-11-27T07:10:04+00:00
comment_lz7ou1g,post_1h0ynco,comment,indiehackersindia,,"Hey community, I'm Nimish. A marketer, turned indie hacker. I learned how to code this year and build open source software for fun.

I have two bases - In Amritsar and Bangalore, looking to meet fellow builders IRL, please let me know if you're around.  
  
Excited to share and learn from all of you.",3,https://www.reddit.com/r/indiehackersindia/comments/1h0ynco/welcome_to_rindiehackersindia/lz7ou1g/,2024-11-27T08:13:29+00:00
post_1kfgnn7,,post,indiehackersindia,"[iPad App] Classic stories, new endings: What if... you wrote it?","What if... you wrote it?

What if you could change the ending of a classic story?

What if Cinderella never lost her slipper, or the Big Bad Wolf turned good?

With¬†[**Twist the Tale**](https://apps.apple.com/us/app/twist-the-tale/id6745458708), the possibilities are endless ‚Äî and you're the storyteller.

Pick a tale, add a twist, and write your own version of the story.

Unleash your imagination and bring a whole new world to life!

Imagine it. Twist it. Tell it.

Old tales. New twists. All yours.

[**Twist the Tale**](https://apps.apple.com/us/app/twist-the-tale/id6745458708)¬†‚Äì Classic Stories, Your Way.

Download the iPad App -¬†[https://apps.apple.com/us/app/twist-the-tale/id6745458708](https://apps.apple.com/us/app/twist-the-tale/id6745458708)

No In-App Purchases. No subscription needed. Unlimited usage.",3,https://www.reddit.com/r/indiehackersindia/comments/1kfgnn7/ipad_app_classic_stories_new_endings_what_if_you/,2025-05-05T16:56:32+00:00
post_1kc62kr,,post,indiehackersindia,"Are you coming for the Marc Lou meetup? (If yes, let me know in the comments, would love to meet awesome people from this sub)",,8,https://www.reddit.com/r/indiehackersindia/comments/1kc62kr/are_you_coming_for_the_marc_lou_meetup_if_yes_let/,2025-05-01T11:09:22+00:00
comment_mq4appf,post_1kc62kr,comment,indiehackersindia,,Excited! Would love to meet y‚Äôall.,1,https://www.reddit.com/r/indiehackersindia/comments/1kc62kr/are_you_coming_for_the_marc_lou_meetup_if_yes_let/mq4appf/,2025-05-02T00:58:26+00:00
comment_mqjvxr9,post_1kc62kr,comment,indiehackersindia,,I came today,1,https://www.reddit.com/r/indiehackersindia/comments/1kc62kr/are_you_coming_for_the_marc_lou_meetup_if_yes_let/mqjvxr9/,2025-05-04T15:44:00+00:00
post_1k9bfn9,,post,indiehackersindia,i made a free to use extension to solve annoying tab switching,"I got annoyed switching b/w tabs by the shortcuts provided by chrome. So I made an extension that allows you to do the same by using (cmd/ctrl + shift + , or .). 

It follows the mac's cmd + tab principle: most recently opened tabs to the top. 

link: [https://tabswish.com](https://tabswish.com)",3,https://www.reddit.com/r/indiehackersindia/comments/1k9bfn9/i_made_a_free_to_use_extension_to_solve_annoying/,2025-04-27T18:54:11+00:00
comment_mpfdqa7,post_1k9bfn9,comment,indiehackersindia,,How‚Äôs this diff from Ctrl Tab / Ctrl Shit Tab ?,1,https://www.reddit.com/r/indiehackersindia/comments/1k9bfn9/i_made_a_free_to_use_extension_to_solve_annoying/mpfdqa7/,2025-04-28T03:32:58+00:00
comment_mpggmzx,post_1k9bfn9,comment,indiehackersindia,,"ctrl + tab / shift tab is for doing it in the order of tabs positioned on your bar.   
  
this is for your most recently visited tabs, similar to how cmd + tab on mac works, it automatically puts the recent tab first",2,https://www.reddit.com/r/indiehackersindia/comments/1k9bfn9/i_made_a_free_to_use_extension_to_solve_annoying/mpggmzx/,2025-04-28T09:44:41+00:00
post_1k8koht,,post,indiehackersindia,Built a $5 website audit tool after seeing huge demand for affordable feedback. Would love your thoughts,"Hey everyone,

I noticed something interesting recently and it led me to build a simple $5 tool.

A while ago, someone on Reddit offered free website reviews, and hundreds of founders rushed to get feedback. Separately, while attending a tech conference, I spoke to a branding consultant who charges around $1000 for a full website positioning and branding audit. (A fair price for deep work but way out of reach for early stage founders.)

It hit me: Scrappy founders desperately want outside feedback on their websites but most can‚Äôt afford $1000+ services. At the same time, good, actionable feedback can massively change conversion rates, first impressions, and positioning.

So I decided to build a super simple, scrappy tool: ‚Ä¢ You enter your website URL. ‚Ä¢ It analyzes your site‚Äôs structure, messaging clarity, branding signals, and overall positioning. ‚Ä¢ It generates a clean, actionable PDF report with improvement suggestions no jargon, no fluff.

It‚Äôs obviously not a replacement for deep human consulting but I think it fills a real gap for early founders who need some outside perspective fast and affordably.

I priced it at $5 because I wanted to keep it accessible for early-stage builders.

Here‚Äôs the link if you want to check it out:¬†[https://www.critiquekit.com](https://www.critiquekit.com)

I‚Äôd love any feedback: ‚Ä¢ Would you find something like this valuable for your own startup? ‚Ä¢ What would stop you from using it? ‚Ä¢ What features would make it 10x more helpful?

Thanks so much for reading. Happy to answer any questions or hear about your own early product launch experiences!",24,https://www.reddit.com/r/indiehackersindia/comments/1k8koht/built_a_5_website_audit_tool_after_seeing_huge/,2025-04-26T19:11:16+00:00
comment_mpadf91,post_1k8koht,comment,indiehackersindia,,Looks nice. Will try,2,https://www.reddit.com/r/indiehackersindia/comments/1k8koht/built_a_5_website_audit_tool_after_seeing_huge/mpadf91/,2025-04-27T09:37:22+00:00
comment_mpgg7wl,post_1k8koht,comment,indiehackersindia,,"Hey Mate, your saas looks great

Would you like to list on our platform to increase your SaaS outreach, we have started weekly newsletter to all subscribers, might be someone will be really intrested.

Its - [findyoursaas](http://www.findyoursaas.com)",1,https://www.reddit.com/r/indiehackersindia/comments/1k8koht/built_a_5_website_audit_tool_after_seeing_huge/mpgg7wl/,2025-04-28T09:40:17+00:00
comment_mpv4dtk,post_1k8koht,comment,indiehackersindia,,"Really good product, but there is no way to try it. I entered my website URL, and it asked for payment. Maybe, offer 1 free report (or some part of it for free) so that new users can try what your product offers?",1,https://www.reddit.com/r/indiehackersindia/comments/1k8koht/built_a_5_website_audit_tool_after_seeing_huge/mpv4dtk/,2025-04-30T16:25:12+00:00
post_1kg0fek,,post,SideProject,I built a Time Wallet app,"Basically, each app is treated like a credit card. 

Every time you want to use it you gotta pay with your time (you have a fixed amount per day, like 1hr for Reddit, 30min for Instagram)

Would you like to try it out?",820,https://www.reddit.com/r/SideProject/comments/1kg0fek/i_built_a_time_wallet_app/,2025-05-06T09:42:21+00:00
comment_mquyzwn,post_1kg0fek,comment,SideProject,,"Love this concept!! 
Reminds me of the 2011 movie ‚ÄúIn Time‚Äù with Justin Timberlake.",170,https://www.reddit.com/r/SideProject/comments/1kg0fek/i_built_a_time_wallet_app/mquyzwn/,2025-05-06T10:13:01+00:00
comment_mqva25s,post_1kg0fek,comment,SideProject,,Superb idea. Let me know if you want a tester.,58,https://www.reddit.com/r/SideProject/comments/1kg0fek/i_built_a_time_wallet_app/mqva25s/,2025-05-06T11:43:57+00:00
comment_mqvhzgx,post_1kg0fek,comment,SideProject,,How is this different to the time limit I can set for each app on my phone?,15,https://www.reddit.com/r/SideProject/comments/1kg0fek/i_built_a_time_wallet_app/mqvhzgx/,2025-05-06T12:37:28+00:00
post_1kgm7dm,,post,SideProject,I made my first sale this week after 4 months of launch,"This is special because, I have seen several stories on reddit people saying they worked on their ideas for years and have 0 sales. This thought always dreaded me while building [Tryvana](https://tryvana.fit/). I always felt I will end up being one of them. But I want to tell you that no one knows their full story. No one really knows how much effort they actually put in. I made hundreds of tiktoks, and marketed for 2 hours daily non stop for the past few months. To add to the spice, my friend who was working with me also quit after 2 months of no traction. I know $2.99 is nothing but the confidence it gave me to keep going is soo invaluable. So if someone like me who has never sold a thing before can sell in first 4-5 months, you can too. Just keep going and believe that you will figure it out.

https://preview.redd.it/pwj4iq5y1aze1.png?width=802&format=png&auto=webp&s=20575fc914d44240d1edc8f6639ff994d2adc772

  
",27,https://www.reddit.com/r/SideProject/comments/1kgm7dm/i_made_my_first_sale_this_week_after_4_months_of/,2025-05-07T02:07:58+00:00
comment_mr00olg,post_1kgm7dm,comment,SideProject,,"I would recommend to focus on SEO, you need to update page title and just fallow standard practice for h1,h2 and etc.",6,https://www.reddit.com/r/SideProject/comments/1kgm7dm/i_made_my_first_sale_this_week_after_4_months_of/mr00olg/,2025-05-07T02:35:08+00:00
comment_mr089f3,post_1kgm7dm,comment,SideProject,,"Hey‚Äîspent a few minutes with the site and wanted to give you some structured feedback from a UX/design perspective. The product idea seems strong, but the landing experience isn‚Äôt doing the work it needs to. Right now, it feels passive, generic, and visually underpowered. You‚Äôre asking users to commit before they‚Äôve seen value, and the design isn‚Äôt building trust or interest. Here‚Äôs what stood out, and what you could do to fix it:

‚∏ª

1. Visual Hierarchy Feels Incomplete

The layout reads more like a draft than a finished product. There‚Äôs too much empty space, no visual flow, and nothing pulling me down the page. It lacks rhythm.

But you could introduce distinct visual blocks‚Äîuse contrasting backgrounds (dark-on-light, color bands, etc.) to break the monotony and guide the eye. Give each section a defined role and energy. This helps create a sense of movement and intent.

‚∏ª

2. No Brand Presence

Right now, it‚Äôs all grayscale and low contrast, so the experience feels flat and noncommittal. There‚Äôs no identity coming through.

But you could establish a brand color system and use it to build continuity and personality. Tie buttons, headings, and backgrounds into a cohesive palette. Add some expressive elements‚Äîillustrations, gradients, bold shapes‚Äîto communicate tone.

‚∏ª

3. Scroll Behavior Isn‚Äôt Obvious

On mobile, there‚Äôs no indication that the page continues downward. I thought the button was all there was. There‚Äôs zero cue to keep going.

But you could add a scroll arrow, animation, or use overlapping content to hint that more exists below the fold. Even slightly reducing the vertical padding would help pull the next section into view and invite interaction.

‚∏ª

4. Misleading UI on the Upload Icon

The ‚ÄúEasy Upload‚Äù icon looks exactly like a tappable iOS element‚Äîbut it‚Äôs not functional. That creates false expectations and user frustration.

But you could either redesign it so it doesn‚Äôt resemble a native control (flatten it, reduce dimensionality), or better‚Äîmake it actually functional. Link it to the upload flow or scroll it to a demo. If something looks like a button, it needs to behave like one.

‚∏ª

5. Video Is Buried Too Deep

You‚Äôve got a product explainer video‚Äîbut it‚Äôs buried under paragraphs of text. The video is probably your strongest asset, but it comes too late.

But you could lead with it in the hero section. Make it a focal point‚Äîfront and center with a strong headline like ‚ÄúTry On Anything Virtually‚ÄîHere‚Äôs How.‚Äù Use a clean thumbnail, or autoplay it muted to immediately pull users in.

‚∏ª

6. There‚Äôs No Visual Storytelling

You‚Äôre offering a try-on experience, but not showing it. There‚Äôs no ‚Äúwow‚Äù moment. No transformations, no outcomes, no real-life use cases. I have to imagine what it does.

But you could use short looping demos or before/after GIFs showing people virtually trying on clothes. Include scenarios like ‚ÄúSee how it looks before you buy‚Äù or ‚ÄúFrom cart to fitting room in 5 seconds.‚Äù Make it real and aspirational.

‚∏ª

7. Typo: ‚ÄúSheln‚Äù Instead of ‚ÄúShein‚Äù

There‚Äôs a typo in the Shop Integration section. Small, but instantly kills trust.

But you could fix that copy and go further‚Äîadd recognizable store logos to reinforce the partnerships and build confidence. Visual proof beats text when it comes to credibility.

‚∏ª

8. No Trial or Interaction Before Login

You‚Äôre asking people to upload or sign in before they‚Äôve seen the product in action. That‚Äôs high-friction and a fast bounce for most users.

But you could let people run a limited demo‚Äîmaybe try on one item with a stock photo, or walk through a sample flow. Giving a glimpse of the experience before requiring sign-up is a proven way to build trust and hook interest.

‚∏ª

9. No Selling Energy

You‚Äôre not really selling. The copy is calm and descriptive, the visuals are minimal, and the CTAs are passive. I don‚Äôt feel like anyone‚Äôs really trying to get me excited about this.

But you could rework the tone to pitch harder. Lead with benefits. Add urgency. Use action verbs. Think ‚ÄúTry It Now,‚Äù ‚ÄúSee It in Action,‚Äù ‚ÄúGet Started Free.‚Äù Every section should either excite me or convert me‚Äîright now, most of it just informs me gently.

‚∏ª

Right now, your landing page feels like a polite invitation to explore an empty room. But you‚Äôre offering a visual, interactive, try-on experience‚Äîthat needs to come through in the first five seconds. Every section should either show value, earn trust, or drive action. You‚Äôre not far off, but the current version underplays your strongest assets.",6,https://www.reddit.com/r/SideProject/comments/1kgm7dm/i_made_my_first_sale_this_week_after_4_months_of/mr089f3/,2025-05-07T03:23:22+00:00
comment_mr01ht9,post_1kgm7dm,comment,SideProject,,"congrats on the first sale,  just curious what made you build this product even though the space is kinda crowded i have seen many products like this?  love to hear your vision and what makes you confident it‚Äôll stand out.

i am asking cuz i am scaredy cat and don't like to jump in crowded spaces",2,https://www.reddit.com/r/SideProject/comments/1kgm7dm/i_made_my_first_sale_this_week_after_4_months_of/mr01ht9/,2025-05-07T02:40:00+00:00
post_1kgb51y,,post,SideProject,I built my own Game Library Manager! (Because no alternative had the features I wanted ...),,82,https://www.reddit.com/r/SideProject/comments/1kgb51y/i_built_my_own_game_library_manager_because_no/,2025-05-06T17:59:32+00:00
comment_mqxb120,post_1kgb51y,comment,SideProject,,"**Hey gamers out there!**

6 months ago I wanted to play a game, but as an expert in sophisticated procrastination I started building my own game launcher instead.

\----------------------------------------------

Before doing so, I tried the options out there; Playnite (amazing software), Launchbox, GOG Galaxy 2 etc. I soon realized that none of the options had the features I wanted, namely:

\- A clean, customizable UI without tinkering with code or juggling multiple addons

\- The option to check whether your games are offloaded to the cloud or not. I have a NAS and often offload my DRM-free games to the cloud. I wanted this cloud ""installed state"" to be visible in the app.

\- Portable mode and a simple database structure that allows syncing between devices. In my case, a PC and a handheld device.

\- A clean overview page showing which games you're currently playing and statistics

\- Own-cloud hosted save backups out of the gate

\- A screenshot viewer for all your games

\- The ability to add Emulators to the app and launch games using them

\- How long to beat data out of the box

... list goes on.

\----------------------------------------------

I first built my app using Powershell script, but I quickly realized how ugly that was. It was so fun coding so I continued and instead switched to a Electron / React stack, which my app is built on.

I can talk about this for hours, but I just wanted to get this out there. I'm a guy with many ideas, and this is the first thing I ever release to the public. I'm my worst critic so it's been tough to actually settle on something.

\----------------------------------------------

It's not out yet, but will be very soon. I'll be releasing an 1.0 version with most functionality for free, and an optional paid download with all functionality (custom themes etc). It'll be for a very fair price!

If you're interested, sign up in my mailing list at: [https://lino-library-manager-shop.fourthwall.com](https://lino-library-manager-shop.fourthwall.com) (will buy a domain later on)

And feel free to join my discord for the app: [https://discord.gg/gbPgbtV8](https://discord.gg/gbPgbtV8) I'll release screenshots, videos, and the app once it goes live here as well. I love talking dev and games, you guys are welcome to join!

\----------------------------------------------

Hope you like it as much as I do,

Cheers.",10,https://www.reddit.com/r/SideProject/comments/1kgb51y/i_built_my_own_game_library_manager_because_no/mqxb120/,2025-05-06T18:03:33+00:00
comment_mqxc65u,post_1kgb51y,comment,SideProject,,"Amazing project!  So many good features, I love that you included theming even. Want to try this for sure!",4,https://www.reddit.com/r/SideProject/comments/1kgb51y/i_built_my_own_game_library_manager_because_no/mqxc65u/,2025-05-06T18:09:00+00:00
comment_mqxdlt4,post_1kgb51y,comment,SideProject,,This is beautiful can‚Äôt wait,5,https://www.reddit.com/r/SideProject/comments/1kgb51y/i_built_my_own_game_library_manager_because_no/mqxdlt4/,2025-05-06T18:15:48+00:00
post_1kgozyd,,post,SideProject,"20 paying users, now what?","So i started jobowl.co (chrome extension for resume tailoring) and was shocked, users actually started paying with some reddit comment promotion. Got 650 users signed up and 20 already converted to paid users in 2 weeks. But I‚Äôm a bit stuck now. Reddit promotion is not scalable and I feel like a spammmer doing it. I can keep it up and maybe land 1 or 2 paid users per day,

but how do I actually do something that‚Äôs scalable? I started writing blogs but that‚Äôs something that could pay off in months, same with other seo optimizations. What else can I actually do to see measurable results fairly quickly? Paid ads? Influencers?",10,https://www.reddit.com/r/SideProject/comments/1kgozyd/20_paying_users_now_what/,2025-05-07T04:42:23+00:00
comment_mr0khj1,post_1kgozyd,comment,SideProject,,"Referral marketing. Ask the paid user to get referrals in exchange for 2 months free/gift cards.

Start an email marketing funnel, and ask for the email as soon as the free user signs up.",3,https://www.reddit.com/r/SideProject/comments/1kgozyd/20_paying_users_now_what/mr0khj1/,2025-05-07T04:52:18+00:00
comment_mr0kye2,post_1kgozyd,comment,SideProject,,"Time to exit! Lol kidding, congrats!",1,https://www.reddit.com/r/SideProject/comments/1kgozyd/20_paying_users_now_what/mr0kye2/,2025-05-07T04:56:09+00:00
comment_mr0ngma,post_1kgozyd,comment,SideProject,,"I would say getting 1-2 new paid users per day is quite good!
But it og course depends on the churm rate. Since it's a tool for finding a new job, I assume there is a high churn, in the nature of the product.

But maybe set up some sort of affiliate program?

You can also look into if there is any way to monitize the free users?",1,https://www.reddit.com/r/SideProject/comments/1kgozyd/20_paying_users_now_what/mr0ngma/,2025-05-07T05:17:12+00:00
post_1kgpr66,,post,SideProject,What are you working on? + My favorites from last time,"Hello there! I've worked in tech for 7 years: 5 years in CS and 2 years in Product. I'd love to test drive your project and give you some feedback on how to improve your onboarding flow.

I enjoy trying out new things and seeing new ideas. Please feel free to comment a link and a one-liner about what your product does.

If you want to jump to the front of the line, PM me and leave a comment. Thanks for your patience.

My favorites from last week:

This chrome extension called **Parssly.** It‚Äôs a robust rss feed that does a wonderful job of organizing your information streams and summarizing your feed with ai. Made by u/shimroot.

I enjoyed **fiidbakk** an adorable devtool that lets you make a compact and efficient widget on your website to collect feedback and aggregates the feedback for you. Made by u/89dpi",7,https://www.reddit.com/r/SideProject/comments/1kgpr66/what_are_you_working_on_my_favorites_from_last/,2025-05-07T05:29:37+00:00
comment_mr0thop,post_1kgpr66,comment,SideProject,,"Hey,

I build an internal linking automation tool for Webflow websites if you wanna try (It needs a Webflow website to really test it however ) : [LinkerFlow.io](https://www.linkerflow.io/)",2,https://www.reddit.com/r/SideProject/comments/1kgpr66/what_are_you_working_on_my_favorites_from_last/mr0thop/,2025-05-07T06:11:43+00:00
comment_mr0u9vl,post_1kgpr66,comment,SideProject,,UK residential property auction pack review tool - [Legails](http://www.legails.com) thanks!,2,https://www.reddit.com/r/SideProject/comments/1kgpr66/what_are_you_working_on_my_favorites_from_last/mr0u9vl/,2025-05-07T06:19:11+00:00
comment_mr0ujs4,post_1kgpr66,comment,SideProject,,Building the best anonymisation tool for creators: [veilify.me](https://www.veilify.me),2,https://www.reddit.com/r/SideProject/comments/1kgpr66/what_are_you_working_on_my_favorites_from_last/mr0ujs4/,2025-05-07T06:21:49+00:00
post_1kf8abu,,post,microservices,We only used the outbox pattern for failures,"In our distributed system based on microservices, we encountered a delivery problem (tens of thousands of messages per minute).

Instead of implementing the full outbox pattern (with preemptive writes and polling for every event), we decided to fall back to the outbox only when message delivery fails. When everything works as expected, we write to the DB and immediately publish to Kafka.

If publishing fails, the message is written to an outbox\_failed\_messages table, and a background job later retries those.

It‚Äôs been running in production for months, and the setup has held up well.

TL;DR:

* Normal flow: write to DB, publish to Kafka
* On failure: write to outbox table
* Background process retries failed ones

This method reduced our outbox traffic by over 95%, saving resources and simplifying the system.

Curious if anyone else has tried something similar?

*(This was a TL;DR of the full write-up by Giulio Cinelli on Medium ‚Äî happy to link if helpful.)*

",7,https://www.reddit.com/r/microservices/comments/1kf8abu/we_only_used_the_outbox_pattern_for_failures/,2025-05-05T10:29:53+00:00
comment_mqopyxt,post_1kf8abu,comment,microservices,,"You may not have yet experienced issues with it, but the fundamental flaws with this approach are still there.",21,https://www.reddit.com/r/microservices/comments/1kf8abu/we_only_used_the_outbox_pattern_for_failures/mqopyxt/,2025-05-05T10:53:35+00:00
comment_mqp7cif,post_1kf8abu,comment,microservices,,"Why not just always write to outbox and if the publish is successful, mark it that it was sent? This is the pattern I always recommend since you don't want to publish a message without knowing about it. If you successfully wrote to the main table, but failed to publish AND failed to record in outbox, that's problematic. Writing to main table and outbox should be in transaction, then publish, then mark message as published in outbox",7,https://www.reddit.com/r/microservices/comments/1kf8abu/we_only_used_the_outbox_pattern_for_failures/mqp7cif/,2025-05-05T12:57:35+00:00
comment_mqphxyb,post_1kf8abu,comment,microservices,,"The whole point of not doing that is because if the DB transaction succeeds, then the publishing fails, then the persistence to the outbox fails, you‚Äôre screwed. It‚Äôs the whole point of making the two operations atomic.",7,https://www.reddit.com/r/microservices/comments/1kf8abu/we_only_used_the_outbox_pattern_for_failures/mqphxyb/,2025-05-05T13:58:30+00:00
post_1kf7m1l,,post,microservices,New Dapr University track about durable execution and workflow as code,,1,https://www.reddit.com/r/microservices/comments/1kf7m1l/new_dapr_university_track_about_durable_execution/,2025-05-05T09:46:03+00:00
post_1keh1vy,,post,microservices,üß† Beginner Seeking Best Resources to Learn Microservices with Spring Boot (Java),"Hey folks! üëã

I‚Äôve been working with **Java Spring Boot** for a while now (mostly monolithic apps), and I‚Äôm looking to level up by diving into **microservices architecture**. I‚Äôm still a beginner in the microservices world and would love to get some solid learning resources.

If you‚Äôve been down this path already, I‚Äôd love to know:

* üìö What tutorials, courses, or books helped you the most?
* üé• Any YouTube channels or playlists you‚Äôd recommend?
* üõ†Ô∏è Did you follow any specific project-based learning (building something real)?

Any help or guidance would be super appreciated üôè

Thanks in advance!",7,https://www.reddit.com/r/microservices/comments/1keh1vy/beginner_seeking_best_resources_to_learn/,2025-05-04T10:51:18+00:00
comment_mqizqaz,post_1keh1vy,comment,microservices,,"I think you can look at ByteByteGo channel on youtube to begin with, search for microservice related video in there,

There are the website microservices.io and as book you can take a look at Building Microservices of Sam Newman and Monolith to Microservice,

And for future or advanced related topics, all Sam Newman videos and conferences are great in my opinion.

For Java part, it‚Äôs Spring Cloud",2,https://www.reddit.com/r/microservices/comments/1keh1vy/beginner_seeking_best_resources_to_learn/mqizqaz/,2025-05-04T12:41:20+00:00
comment_mqjb7ov,post_1keh1vy,comment,microservices,,EazyBytes microservices course on Udemy.,2,https://www.reddit.com/r/microservices/comments/1keh1vy/beginner_seeking_best_resources_to_learn/mqjb7ov/,2025-05-04T13:53:23+00:00
comment_mr0yprb,post_1keh1vy,comment,microservices,,My opinion is that most microservice architectures will cause as many problems as they solve because they‚Äôre not designed or implemented correctly. Good microservices are hard to do. You should look at Spring Modulith and Vertical Slice Architecture ‚Äî I consider these an evolution of ‚Äútraditional‚Äù microservices that make much more sense.,2,https://www.reddit.com/r/microservices/comments/1keh1vy/beginner_seeking_best_resources_to_learn/mr0yprb/,2025-05-07T07:02:38+00:00
post_1keomew,,post,microservices,"Microservice Idea: Centralized ‚ÄúOn-the-fly‚Äù ZIP Service: Auto Quota, Caching & Link Cleanup",,1,https://www.reddit.com/r/microservices/comments/1keomew/microservice_idea_centralized_onthefly_zip/,2025-05-04T16:59:42+00:00
post_1kef4qm,,post,microservices,Breaking into a software developer role that involves building a product based on micro-services architecture,"Hi all,

I currently have around 3.5 years of software development experience, but I‚Äôm specifically looking for an opportunity where I can work under someone and help build a product involving distributed systems. I've studied the theory and built some production-level products based on the producer-consumer model using message queues. However, I still lack the in-depth hands-on experience in this area.

I've given interviews as well and have at times been rejected in the final round, primarily because of my limited practical exposure. Any ideas on how I can break this cycle? I'm open to opportunities to learn‚Äîeven part-time unpaid positions are fine. I'm just not sure which doors to knock on.",3,https://www.reddit.com/r/microservices/comments/1kef4qm/breaking_into_a_software_developer_role_that/,2025-05-04T08:38:15+00:00
comment_mqj79gy,post_1kef4qm,comment,microservices,,"Build one yourself.

There are plenty of demos and examples of how to build a distributed system, what to use, etc. There really isn't a substitute for fully working in a distributed system because it changes how you solve problems. Read as much as you can, build as much as you can, it'll get you close.",1,https://www.reddit.com/r/microservices/comments/1kef4qm/breaking_into_a_software_developer_role_that/mqj79gy/,2025-05-04T13:30:07+00:00
post_1jgacix,,post,JavaMicroServices,Beyond the Basics: Designing for a Million Users,,2,https://www.reddit.com/r/JavaMicroServices/comments/1jgacix/beyond_the_basics_designing_for_a_million_users/,2025-03-21T06:18:08+00:00
post_1ivcngn,,post,JavaMicroServices,Top 10 Microservices Design Patterns and Principles - Examples,,6,https://www.reddit.com/r/JavaMicroServices/comments/1ivcngn/top_10_microservices_design_patterns_and/,2025-02-22T06:39:46+00:00
comment_miw2uya,post_1ivcngn,comment,JavaMicroServices,,"im learning saga but my question is, why cant saga be implenmeted with rest ?",1,https://www.reddit.com/r/JavaMicroServices/comments/1ivcngn/top_10_microservices_design_patterns_and/miw2uya/,2025-03-21T00:07:58+00:00
post_gczxrn,,post,JavaMicroServices,"This article shows how to move from a basic #microservice architecture to and highly scalable #serverless model, published at @gitconnected . https://t.co/BtXCcTwqCY",,3,https://www.reddit.com/r/JavaMicroServices/comments/gczxrn/this_article_shows_how_to_move_from_a_basic/,2020-05-03T22:48:13+00:00
post_gbllg3,,post,JavaMicroServices,Let's practice Project Reactor with a sample project & hackathon!,,2,https://www.reddit.com/r/JavaMicroServices/comments/gbllg3/lets_practice_project_reactor_with_a_sample/,2020-05-01T16:44:51+00:00
post_g97obo,,post,JavaMicroServices,Spring Oauth2 with Pkce,"Hi. I want to learn how to create a sample application with spring boot, oauth2 and pkce. Any recommendations?",1,https://www.reddit.com/r/JavaMicroServices/comments/g97obo/spring_oauth2_with_pkce/,2020-04-27T19:35:39+00:00
post_1hb28jr,,post,indiehackers,What post flairs should we have?,"Hey members, **I need your help to improve this sub**. I will start with post-flairs for better content filtering. Please share some suggestions for what post flairs we should have on this sub. 

  
Here are my ideas (feel free to update them or share new ones):

* Building Story
* Growth Story
* Sharing Resources/Tips
* Idea Validation / Need Feedback
* Asking a Question
* Sharing Journey/Experience/Progress Updates

(For reference, these flairs are heavily inspired by r/chrome_extensions which I revamped a few months ago.)

I will soon be making more such posts to get suggestions from everyone who wants the good of this sub.

  
Thanks for your time, 

Take care <3",10,https://www.reddit.com/r/indiehackers/comments/1hb28jr/what_post_flairs_should_we_have/,2024-12-10T13:53:35+00:00
comment_m3tuqtc,post_1hb28jr,comment,indiehackers,,"These might also be useful:
- Showcase/Launch: For members sharing their products or new features.
- Struggles/Challenges: A place to share roadblocks and seek advice.",2,https://www.reddit.com/r/indiehackers/comments/1hb28jr/what_post_flairs_should_we_have/m3tuqtc/,2024-12-26T03:51:39+00:00
comment_m40p4si,post_1hb28jr,comment,indiehackers,,"Make users flair posts like this as an advert or advertising: https://old.reddit.com/r/indiehackers/comments/1hmry6l/my_project_made_2800_in_the_first_2_months_heres/

If they don't flair it as an advert and the post is reported, then removed the post and say ""Reason: not flaired as an advert""",2,https://www.reddit.com/r/indiehackers/comments/1hb28jr/what_post_flairs_should_we_have/m40p4si/,2024-12-27T11:36:38+00:00
comment_mqa7nko,post_1hb28jr,comment,indiehackers,,Question,2,https://www.reddit.com/r/indiehackers/comments/1hb28jr/what_post_flairs_should_we_have/mqa7nko/,2025-05-02T23:11:23+00:00
post_1g1qn9y,,post,indiehackers,"Hey members, meet your new mod!","Hello to all the members of r/indiehackers üëã

# Who am I?

I'm **Prakhar**, a creative web developer, and an aspiring indie hacker. I call myself aspiring because I haven't earned anything from my projects yet, but I'm already one if indie hacking is just about building stuff!

# How and why am I here?

So as I already said, I am on the path to becoming an Indie hacker, I love to build products that solve some real-life problems. I saw that this subreddit's mod is not active, and this place has been on its own for a while. I recently became a mod of another subreddit with a similar condition, which I'm working on and has already improved quite a bit (it's r/chrome_extensions).

Now with this new experience and joy of building & moderating a community, I thought it would be a great idea to become a mod of this community and make it better in terms of look and content. The good thing is that this place already has good posts and people, so I wouldn't need to do much.

# So, what's next?

Let me ask you all, what do YOU want? **Do you have any suggestions for some improvements?** Or do you think everything's perfect and it just needs a little bit of moderation?

I'm thinking of some events we can organize like AMAs with famous indie hackers, or online meetups of us where we can talk, share and solve each other's problems.

But **let me your ideas in the comments**, I will be actively reading and replying to all of your comments.

Let's make this community better together!

Thanks for reading, Take care <3

[r\/indiehackers banner](https://preview.redd.it/eauu8762o8ud1.png?width=1920&format=png&auto=webp&s=792efbbd02b3ccd39297500e60608b193c1217a7)",18,https://www.reddit.com/r/indiehackers/comments/1g1qn9y/hey_members_meet_your_new_mod/,2024-10-12T02:42:57+00:00
comment_lrifcni,post_1g1qn9y,comment,indiehackers,,"Tell me if the new banner, logo and color theme looks good :D",3,https://www.reddit.com/r/indiehackers/comments/1g1qn9y/hey_members_meet_your_new_mod/lrifcni/,2024-10-12T02:45:12+00:00
comment_lsca007,post_1g1qn9y,comment,indiehackers,,"Hey Prakhar

about events, I think its a nice idea! it can be related to different topics like ""Introduce your project in 5 min"" or just ""coffee breaks"" meeting with talks about experience and challenges on the indie hacker path, etc",3,https://www.reddit.com/r/indiehackers/comments/1g1qn9y/hey_members_meet_your_new_mod/lsca007/,2024-10-17T10:07:19+00:00
comment_ltp0g5w,post_1g1qn9y,comment,indiehackers,,"I've setup an Indie Hackers discord: https://discord.gg/6DAjpqXgKF

Feel free to join!",2,https://www.reddit.com/r/indiehackers/comments/1g1qn9y/hey_members_meet_your_new_mod/ltp0g5w/,2024-10-25T15:07:53+00:00
post_1kg9i5s,,post,indiehackers,SHOW IH: Meet Schema - A MySQL and PostgreSQL database client for iOS.,"I released an app this morning called Schema ‚Äî A new Postgres & MySQL database client for iOS.

It‚Äôs great whether you‚Äôre a developer working at scale, a founder watching signups, or vibe coding your next big thing. Like many of you, I build things regularly and often find myself wishing for a great database client for iOS. So... I‚Äôm shipping one. 

You can find out more on the website: [https://tryschema.com](https://tryschema.com)",78,https://www.reddit.com/r/indiehackers/comments/1kg9i5s/show_ih_meet_schema_a_mysql_and_postgresql/,2025-05-06T16:54:40+00:00
comment_mqx4jb0,post_1kg9i5s,comment,indiehackers,,"Damn, the site is incredible. What did you use to make it?",4,https://www.reddit.com/r/indiehackers/comments/1kg9i5s/show_ih_meet_schema_a_mysql_and_postgresql/mqx4jb0/,2025-05-06T17:32:55+00:00
comment_mqx3xgv,post_1kg9i5s,comment,indiehackers,,This looks amazing. Congrats. Are you planning on supporting iPad soon?,2,https://www.reddit.com/r/indiehackers/comments/1kg9i5s/show_ih_meet_schema_a_mysql_and_postgresql/mqx3xgv/,2025-05-06T17:30:05+00:00
comment_mqyhz0z,post_1kg9i5s,comment,indiehackers,,I love your idea and your website is amazing!,2,https://www.reddit.com/r/indiehackers/comments/1kg9i5s/show_ih_meet_schema_a_mysql_and_postgresql/mqyhz0z/,2025-05-06T21:29:07+00:00
post_1kgaz95,,post,indiehackers,Product Hunt alternative for indie makers SoloPush hit 1.5k users in 36 days with no ads,"while indie maker experience biggest thing i noticed was how easy it is for indie stuff to get ignored on big launch sites.

if you don‚Äôt already have an audience or aren‚Äôt part of some well-known team, most launches go nowhere. no one sees them unless you promote hard or pay for reach.

so i made [SoloPush](https://solopush.com), Product Hunt alternative for solo makers. idea was simple. make a launch space that actually works for solo builders. where your product doesn‚Äôt vanish after 24 hours. where being small isn‚Äôt a disadvantage.

other platforms exist but felt the same. launch, then gone. unless you pay to be seen.  30$ just to get listed faster and 90$ to stay on here. didn‚Äôt feel right.

i put SoloPush live on april 1. launching is free. there‚Äôs a waitlist because a lot of folks are submitting. you can pay a little to skip it but you don‚Äôt have to. after launch, your product stays up in its category. top tools bubble up slowly, not just based on hype from day one.

top 3 each day get a Product of the Day badge. also every product get Featured on SoloPush badge to use wherever. small stuff, but helps with proof.

in 5 weeks it‚Äôs gotten over 1.5k users, 600+ products, and around 30k weekly visits. all organic. mostly just sharing on reddit and twitter.

still early but trying to build a place that respects indie time and energy. not just a one-day spike, but long-term visibility.

open to any ideas, feedback, or whatever you‚Äôre thinking.",30,https://www.reddit.com/r/indiehackers/comments/1kgaz95/product_hunt_alternative_for_indie_makers/,2025-05-06T17:53:10+00:00
comment_mqxtskd,post_1kgaz95,comment,indiehackers,,Super interesting project! What methods do you usually use to maximize user feedback and validate your project or idea?,2,https://www.reddit.com/r/indiehackers/comments/1kgaz95/product_hunt_alternative_for_indie_makers/mqxtskd/,2025-05-06T19:34:02+00:00
comment_mqxvbc7,post_1kgaz95,comment,indiehackers,,"Interesting, I will publish Drooid there‚úåÔ∏è",2,https://www.reddit.com/r/indiehackers/comments/1kgaz95/product_hunt_alternative_for_indie_makers/mqxvbc7/,2025-05-06T19:41:29+00:00
comment_mqy6j7w,post_1kgaz95,comment,indiehackers,,"awesome i'll give it a shot, just skipped the line if you can go ahead and launch my product   
thanks! 

\- DiscTrade",2,https://www.reddit.com/r/indiehackers/comments/1kgaz95/product_hunt_alternative_for_indie_makers/mqy6j7w/,2025-05-06T20:34:08+00:00
post_1kgpzwb,,post,indiehackers,Yay! We just landed our first enterprise customer at $1500 + many others paying $60 and above,"The journey has been long and hard. We started back in August with an idea to build something tangible, but our first few attempts didn't attract user attention.

We were trying to find a problem to fit our solutions. By December, we thought we had a good idea addressing a personal pain point, but found zero users willing to pay for it.

Then came the eureka moment! With over 10 years of mobile app development experience and 5+ million users across our projects, we had a revelation in January. We were building a digital presence for a client who paid us upfront but later ditched us for a cheaper template solution.

This setback sparked a realization: with our codegen expertise and domain knowledge, why not build a product that empowers businesses to create their own mobile apps?

We started building, noticed competitors emerging (some even getting funded), but we stayed focused on our unique target audience. We kept refining our process through constant customer feedback to make our product as frictionless as possible.

Ten days ago, we finally revealed our product. The response has been insane:

* Over 2,500 mobile apps built
* 40 minutes average session time
* 66% of users on $60+ plans
* Multiple customers paying up to $300/month
* One enterprise customer on a $1,500 plan

Our secret? Deep understanding of the problem space + dedicating 2 hours every day talking to users and watching them work live. We even schedule calls with people not using our platform just to understand their pain points.

This approach has finally translated to revenue. Sharing this for anyone who needs motivation to: a) Keep going b) Build a habit of talking to your users every day",4,https://www.reddit.com/r/indiehackers/comments/1kgpzwb/yay_we_just_landed_our_first_enterprise_customer/,2025-05-07T05:45:35+00:00
comment_mr0zgb1,post_1kgpzwb,comment,indiehackers,,What‚Äôs the product called and url?,1,https://www.reddit.com/r/indiehackers/comments/1kgpzwb/yay_we_just_landed_our_first_enterprise_customer/mr0zgb1/,2025-05-07T07:10:05+00:00
post_1jpmloz,,post,SaaS,"Built, bootstrapped, exited. $2M revenue, $990k AppSumo, 6-figure exit at $33k MRR (email industry). AmA!","I‚Äôm Kalo Yankulov, and together with Slav u/slavivanov, we co-founded¬†[Encharge](https://encharge.io/)¬†‚Äì a marketing automation platform built for SaaS.

After university, I used to think I‚Äôd end up at some fancy design/marketing agency in London, but after a short stint, I realized I hated it, so I threw myself into building my own startups. Encharge is my latest product.¬†

Some interesting facts:

1. We reached $400k in ARR before the exit.
2. We launched an AppSumo campaign that ranked in the top 5 all-time most successful launches. Generating $990k in revenue in 1 month. I slept a total of 5 hours in the 1st week of the launch, doing support.¬†
3. We sold recently for 6 figures.¬†
4. The whole product was built by just one person ‚Äî my amazing co-founder Slav.
5. We pre-sold lifetime deals to validate the idea.
6. Our only growth channel is organic. We reached 73 DR, outranking goliaths like HubSpot and Mailchimp for many relevant keywords. We did it by writing deep, valuable content (e.g.,¬†[onboarding emails](https://encharge.io/onboarding-emails)) and building links.

What‚Äôs next for me and Slav:

* I used the momentum of my¬†[previous (smaller) exit](https://encharge.io/idea-to-exit/)¬†to build pre-launch traction for Encharge. I plan to use the same playbook as I start working on my next SaaS idea, using the momentum of the current exit. In the meantime, I‚Äôd love to¬†[help early and mid-stage startups grow](https://kalo.me/mentorship); you can check how we can work together here.
* Slav is taking a sabbatical to spend time with his 3 kids before moving onto the next venture. You can read his blog and connect with him¬†[here](https://slavv.com/).¬†

Here to share all the knowledge we have. Ask us anything about:

* SaaS¬†
* Bootstrapping
* Email industry¬†
* Growth marketing/content/SEO
* Acquisitions
* Anything else really‚Ä¶?

We have worked with the SaaS community for the last 5+ years, and we love it.",268,https://www.reddit.com/r/SaaS/comments/1jpmloz/built_bootstrapped_exited_2m_revenue_990k_appsumo/,2025-04-02T11:48:38+00:00
comment_ml0d5xf,post_1jpmloz,comment,SaaS,,Can you dive deep on the approach beyond building the product and how you sell it,11,https://www.reddit.com/r/SaaS/comments/1jpmloz/built_bootstrapped_exited_2m_revenue_990k_appsumo/ml0d5xf/,2025-04-02T11:59:52+00:00
comment_ml0kp1g,post_1jpmloz,comment,SaaS,,"Whats The technical stack? 

Do you send emails on your own or using some other service?  
How do you mantain IP reputation?",10,https://www.reddit.com/r/SaaS/comments/1jpmloz/built_bootstrapped_exited_2m_revenue_990k_appsumo/ml0kp1g/,2025-04-02T12:52:25+00:00
comment_ml0dcbx,post_1jpmloz,comment,SaaS,,"Hey,
Participating in Ama first time, i don't know how it goes.

But just want to ask if it is worth it to sell on AppSumo?

Which plan did you choose? Normal or AppSumo Select? 

does those lifetime users become huge liability of the saas? 

Thanks in advance boss! Hope you grow more :)",7,https://www.reddit.com/r/SaaS/comments/1jpmloz/built_bootstrapped_exited_2m_revenue_990k_appsumo/ml0dcbx/,2025-04-02T12:01:13+00:00
post_1kbdmy5,,post,SaaS,"Weekly Feedback Post - SaaS Products, Ideas, Companies","This is a weekly post where you're free to post your SaaS ideas, products, companies etc. that need feedback. Here, people who are willing to share feedback are going to join conversations. Posts asking for feedback outside this weekly one will be removed!

[üéôÔ∏è P.S: Check out The Usual SaaSpects, this subreddit's podcast!](https://anchor.fm/theusualsaaspects)",9,https://www.reddit.com/r/SaaS/comments/1kbdmy5/weekly_feedback_post_saas_products_ideas_companies/,2025-04-30T11:01:12+00:00
comment_mq6u68d,post_1kbdmy5,comment,SaaS,,"I am testing a new AI interview assistant that generates real-time talking points during job interviews.   
Check it out: [interviewbee.ai](https://interviewbee.ai)   
  
I would love your honest feedback on the accuracy and relevance of responses. What concerns do you have about using this during an actual interview?",3,https://www.reddit.com/r/SaaS/comments/1kbdmy5/weekly_feedback_post_saas_products_ideas_companies/mq6u68d/,2025-05-02T13:02:09+00:00
comment_mpv0e3a,post_1kbdmy5,comment,SaaS,,"Looking for feedback on [https://smartf.in/](https://smartf.in/)

Just want you to answer if you understand what the site does/sells in 3 seconds.

Appreciate it.",2,https://www.reddit.com/r/SaaS/comments/1kbdmy5/weekly_feedback_post_saas_products_ideas_companies/mpv0e3a/,2025-04-30T16:05:38+00:00
comment_mpu42py,post_1kbdmy5,comment,SaaS,,"I am looking for feedback on [Script.Movie](http://Script.Movie)

It helps you with Storytelling. Writing a great story is useful as: a hobby, side hustle, to increase creativity, advertise better, or even to make casual communication more interesting",1,https://www.reddit.com/r/SaaS/comments/1kbdmy5/weekly_feedback_post_saas_products_ideas_companies/mpu42py/,2025-04-30T13:23:30+00:00
post_1kgng1a,,post,SaaS,When attempting to scale their products 90% of Upwork SaaS Builds Fa,"Founders contact me when problems occur with their product because it crashes or both crawls and corrupts data.¬†The story is usually the same: The founder hired an individual freelancer at a low cost who delivered a functioning product before disappearing.¬†After setting up to work I access the repository only to discover the codebase is a makeshift patchwork.  
  
Here‚Äôs what I keep seeing:  
  
One five‚Äëthousand‚Äëline file that controls everything  
  
Secrets hard‚Äëcoded straight into the source  
  
The code depends on third-party libraries which lack support from other developers globally  
  
Zero automated tests or CI/CD  
  
Magic numbers and copy‚Äëpasted SQL everywhere  
  
Why it happens:  
  
The importance of shipping now exceeds the need to ship in the next quarter.  
  
Single developers typically lack experience with team collaboration and code review processes.  
  
Founders without technical expertise fail to recognize issues until they create major disruptions.  
  
Quick seven-point review system designed to detect most disasters early on.  
  
Separate branches for main, develop, and features  
  
Automated deploys, no manual FTP uploads  
  
At least basic unit test coverage  
  
Centralized logging, not scattered console prints  
  
Depend on well‚Äësupported libraries, not abandonware  
  
Minimal docs: a readme, an architecture sketch, onboarding steps  
  
Outside code review every quarter",473,https://www.reddit.com/r/SaaS/comments/1kgng1a/when_attempting_to_scale_their_products_90_of/,2025-05-07T03:13:42+00:00
comment_mr0bx16,post_1kgng1a,comment,SaaS,,Interesting comment to upvote ratio in 10 mins of posting,12,https://www.reddit.com/r/SaaS/comments/1kgng1a/when_attempting_to_scale_their_products_90_of/mr0bx16/,2025-05-07T03:48:18+00:00
comment_mr0pztj,post_1kgng1a,comment,SaaS,,"Good, this is how it‚Äôs supposed to be.

Start fast, ship fast, hire OP when things start to break but money is coming in.",1,https://www.reddit.com/r/SaaS/comments/1kgng1a/when_attempting_to_scale_their_products_90_of/mr0pztj/,2025-05-07T05:39:32+00:00
comment_mr0jdyk,post_1kgng1a,comment,SaaS,,"lmfao...i bet his chatgpt prompt included... ""Make it sound informal and include spelling mistakes / typos pls""",1,https://www.reddit.com/r/SaaS/comments/1kgng1a/when_attempting_to_scale_their_products_90_of/mr0jdyk/,2025-05-07T04:43:22+00:00
post_1kgpnrz,,post,SaaS,I made a product that people like and pay for! Earned 479$,"I developed Unlust around a month ago and launched it. It has since received 1k+ downloads. I recently added the community feature and just saw a user add this post, and people supported him. It feels like, finally, after several iterations, I can make a product that people like and pay for.

Now my years of 9-5 5-9 struggles seem to give some results!

https://preview.redd.it/wnlygnxtoaze1.png?width=1170&format=png&auto=webp&s=b7897b6234461f3366590b583a2c12e52436a77c

If you are interested, Unlust is a porn addiction quitting app¬†[https://unlustapp.com/app](https://unlustapp.com/app)

",8,https://www.reddit.com/r/SaaS/comments/1kgpnrz/i_made_a_product_that_people_like_and_pay_for/,2025-05-07T05:23:24+00:00
comment_mr0x7e6,post_1kgpnrz,comment,SaaS,,How did you market it bro?,2,https://www.reddit.com/r/SaaS/comments/1kgpnrz/i_made_a_product_that_people_like_and_pay_for/mr0x7e6/,2025-05-07T06:47:44+00:00
comment_mr103pz,post_1kgpnrz,comment,SaaS,,Same question! I find that marketing is the most difficult part.,1,https://www.reddit.com/r/SaaS/comments/1kgpnrz/i_made_a_product_that_people_like_and_pay_for/mr103pz/,2025-05-07T07:16:39+00:00
post_1kg83gz,,post,SaaS,I hit the jackpot,"A few posts ago I asked if it was worth adding a lifetime subscription, many comments were for adding it. Without thinking twice, I added it and didn't really count on it, but a week later, exactly a week later, 16 lifetime subscriptions were bought and I am infinitely happy and wanted to share this joy. MONEY to everyone",84,https://www.reddit.com/r/SaaS/comments/1kg83gz/i_hit_the_jackpot/,2025-05-06T15:57:44+00:00
comment_mqwl9md,post_1kg83gz,comment,SaaS,,"Yeah except it‚Äôs not sustainable. Those 16 people will never pay you again, and their lifetime value just went to shit. Don‚Äôt get into the habit of offering a LTD. Trust when I say plenty of companies fail this way because they can‚Äôt scale just selling a Ltd.",111,https://www.reddit.com/r/SaaS/comments/1kg83gz/i_hit_the_jackpot/mqwl9md/,2025-05-06T16:01:46+00:00
comment_mqxqmkc,post_1kg83gz,comment,SaaS,,"This guy is gonna rug pull it like a crypto project when the $99 payment dries up. 

Only gonna keep going for as long as it grows.",26,https://www.reddit.com/r/SaaS/comments/1kg83gz/i_hit_the_jackpot/mqxqmkc/,2025-05-06T19:18:37+00:00
comment_mqx25tg,post_1kg83gz,comment,SaaS,,"Guarantee half the people commenting to take down the lifetime deal immediately have never done one before.

It‚Äôs been proven that customers are likely to churn no matter what by the 6 month mark for most products unless the product is so insanely good or integrated into their business that they can‚Äôt afford to operate without it.

Your product seems cool but I don‚Äôt think people are going to be using it every day for multiple years.

This video does a great job at going through the pros and cons: https://youtu.be/Zq2yLyc4fi0?si=RmrW0XF1pOAy4j_3",16,https://www.reddit.com/r/SaaS/comments/1kg83gz/i_hit_the_jackpot/mqx25tg/,2025-05-06T17:21:54+00:00
